[
    {
        "id": "EQ_IMG_001",
        "nome": "TAC Siemens Somatom go.Top",
        "marca": "Siemens Healthineers",
        "tipo": "Imagiologia",
        "num_serie": "SMT-884291X",
        "localizacao": "Sala TAC 1 (Piso 0)",
        "estado": "Operacional",
        "criticidade": "Alta",
        "ultima_manutencao": "2025-10-15",
        "proxima_manutencao": "2026-04-15",
        "custo_reparacao": 0,
        "nivel": 2,
        "prox_manut": "2025-01-01"
    },
    {
        "id": "EQ_IMG_002",
        "nome": "Resson\u00e2ncia Magn\u00e9tica Ingenia 3.0T",
        "marca": "Philips Healthcare",
        "tipo": "Imagiologia",
        "num_serie": "PH-ING-3002",
        "localizacao": "Sala RM (Piso -1)",
        "estado": "Avariado",
        "criticidade": "Alta",
        "ultima_manutencao": "2025-11-01",
        "proxima_manutencao": "2026-05-01",
        "custo_reparacao": 2510,
        "nivel": 1,
        "prox_manut": "2025-01-01"
    },
    {
        "id": "EQ_SUP_003",
        "nome": "Ventilador Mec\u00e2nico Evita V800",
        "marca": "Dr\u00e4ger",
        "tipo": "Suporte de Vida",
        "num_serie": "DRG-V800-552",
        "localizacao": "UCI - Cama 4",
        "estado": "Operacional",
        "criticidade": "Cr\u00edtica",
        "ultima_manutencao": "2025-12-01",
        "proxima_manutencao": "2026-06-01",
        "custo_reparacao": 0,
        "nivel": 2,
        "prox_manut": "2025-01-01"
    },
    {
        "id": "EQ_MON_004",
        "nome": "Monitor Sinais Vitais IntelliVue MX450",
        "marca": "Philips",
        "tipo": "Monitoriza\u00e7\u00e3o",
        "num_serie": "MX450-9921",
        "localizacao": "Urg\u00eancia - Box 2",
        "estado": "Operacional",
        "criticidade": "M\u00e9dia",
        "ultima_manutencao": "2025-08-20",
        "proxima_manutencao": "2026-02-20",
        "custo_reparacao": 0,
        "nivel": 2,
        "prox_manut": "2025-01-01"
    },
    {
        "id": "EQ_LAB_005",
        "nome": "Analisador Cobas 8000",
        "marca": "Roche Diagnostics",
        "tipo": "Laborat\u00f3rio",
        "num_serie": "RCH-8000-LAB",
        "localizacao": "Laborat\u00f3rio Central",
        "estado": "Operacional",
        "criticidade": "Alta",
        "ultima_manutencao": "2025-09-10",
        "proxima_manutencao": "2026-03-10",
        "custo_reparacao": 0,
        "nivel": 1,
        "prox_manut": "2025-01-01"
    },
    {
        "id": "EQ_IMG_006",
        "nome": "Raio-X Port\u00e1til MobileDaRt Evolution",
        "marca": "Shimadzu",
        "tipo": "Imagiologia",
        "num_serie": "SHM-MOB-77",
        "localizacao": "Ortopedia (Piso 2)",
        "estado": "Avariado",
        "criticidade": "M\u00e9dia",
        "ultima_manutencao": "2025-01-15",
        "proxima_manutencao": "2026-01-15",
        "custo_reparacao": 2677,
        "nivel": 1,
        "prox_manut": "2025-01-01"
    },
    {
        "id": "EQ_BLC_007",
        "nome": "M\u00e1quina de Anestesia Aisys CS2",
        "marca": "GE Healthcare",
        "tipo": "Bloco Operat\u00f3rio",
        "num_serie": "GE-AIS-221",
        "localizacao": "Bloco 3",
        "estado": "Operacional",
        "criticidade": "Cr\u00edtica",
        "ultima_manutencao": "2025-12-10",
        "proxima_manutencao": "2026-03-10",
        "custo_reparacao": 0,
        "nivel": 1,
        "prox_manut": "2025-01-01"
    },
    {
        "id": "EQ_SUP_008",
        "nome": "Desfibrilhador R Series",
        "marca": "ZOLL",
        "tipo": "Suporte de Vida",
        "num_serie": "ZL-RSER-112",
        "localizacao": "Corredor Piso 1",
        "estado": "Avariado",
        "criticidade": "Cr\u00edtica",
        "ultima_manutencao": "2025-06-01",
        "proxima_manutencao": "2026-06-01",
        "custo_reparacao": 1768,
        "nivel": 2,
        "prox_manut": "2025-01-01"
    },
    {
        "id": "EQ_IMG_009",
        "nome": "Ec\u00f3grafo Voluson E10",
        "marca": "GE Healthcare",
        "tipo": "Diagn\u00f3stico",
        "num_serie": "GE-VOL-E10",
        "localizacao": "Ginecologia - Gabinete 4",
        "estado": "Operacional",
        "criticidade": "M\u00e9dia",
        "ultima_manutencao": "2025-05-20",
        "proxima_manutencao": "2026-05-20",
        "custo_reparacao": 0,
        "nivel": 2,
        "prox_manut": "2025-01-01"
    },
    {
        "id": "EQ_SUP_010",
        "nome": "Bomba de Infus\u00e3o Alaris",
        "marca": "BD",
        "tipo": "Suporte de Vida",
        "num_serie": "BD-ALR-5541",
        "localizacao": "Internamento A",
        "estado": "Operacional",
        "criticidade": "Alta",
        "ultima_manutencao": "2025-11-15",
        "proxima_manutencao": "2026-05-15",
        "custo_reparacao": 0,
        "nivel": 1,
        "prox_manut": "2025-01-01"
    },
    {
        "id": "EQ_EST_011",
        "nome": "Autoclave a Vapor",
        "marca": "Matachana",
        "tipo": "Esteriliza\u00e7\u00e3o",
        "num_serie": "MT-VAP-900",
        "localizacao": "Central Esteriliza\u00e7\u00e3o",
        "estado": "Operacional",
        "criticidade": "Alta",
        "ultima_manutencao": "2025-10-05",
        "proxima_manutencao": "2026-04-05",
        "custo_reparacao": 0,
        "nivel": 1,
        "prox_manut": "2025-01-01"
    },
    {
        "id": "EQ_IMG_012",
        "nome": "Mam\u00f3grafo Senographe Pristina",
        "marca": "GE Healthcare",
        "tipo": "Imagiologia",
        "num_serie": "GE-SEN-P1",
        "localizacao": "Centro da Mulher",
        "estado": "Operacional",
        "criticidade": "M\u00e9dia",
        "ultima_manutencao": "2025-09-01",
        "proxima_manutencao": "2026-03-01",
        "custo_reparacao": 0,
        "nivel": 1,
        "prox_manut": "2025-01-01"
    },
    {
        "id": "EQ_BLC_013",
        "nome": "Mesa Cir\u00fargica Maquet Magnus",
        "marca": "Getinge",
        "tipo": "Bloco Operat\u00f3rio",
        "num_serie": "GT-MAQ-MG",
        "localizacao": "Bloco 1",
        "estado": "Operacional",
        "criticidade": "Alta",
        "ultima_manutencao": "2025-07-20",
        "proxima_manutencao": "2026-01-20",
        "custo_reparacao": 0,
        "nivel": 1,
        "prox_manut": "2025-01-01"
    },
    {
        "id": "EQ_DIA_014",
        "nome": "Eletrocardi\u00f3grafo MAC 2000",
        "marca": "GE Healthcare",
        "tipo": "Diagn\u00f3stico",
        "num_serie": "GE-MAC-2K",
        "localizacao": "Triagem",
        "estado": "Operacional",
        "criticidade": "Baixa",
        "ultima_manutencao": "2025-02-10",
        "proxima_manutencao": "2026-02-10",
        "custo_reparacao": 0,
        "nivel": 1,
        "prox_manut": "2025-01-01"
    },
    {
        "id": "EQ_SUP_015",
        "nome": "Incubadora Neonatal Giraffe",
        "marca": "GE Healthcare",
        "tipo": "Suporte de Vida",
        "num_serie": "GE-GIR-NEO",
        "localizacao": "Neonatologia",
        "estado": "Avariado",
        "criticidade": "Cr\u00edtica",
        "ultima_manutencao": "2025-11-30",
        "proxima_manutencao": "2026-05-30",
        "custo_reparacao": 5438,
        "nivel": 1,
        "prox_manut": "2025-01-01"
    },
    {
        "id": "EQ-016",
        "nome": "M\u00e1quina de Triagem Autom\u00e1tica",
        "setor": "Urg\u00eancia",
        "estado": "Operacional",
        "custo_reparacao": 0,
        "nivel": 1,
        "prox_manut": "2026-06-26"
    }
]