[
    {
        "id": "med_001",
        "nome": "Dr. António Silva",
        "especialidade": "Clínica Geral",
        "experiencia_anos": 15,
        "turno": "Manhã",
        "disponivel": true,
        "consultas_totais": 1250,
        "tempo_medio": 18.5,
        "avaliacao": 4.8,
        "pacientes_hoje": 12,
        "faturacao": 34258,
        "consultas_ano": 380,
        "rating": 4.0,
        "assiduidade": 95,
        "status_pagamento": "Pago"
    },
    {
        "id": "med_002",
        "nome": "Dra. Maria Santos",
        "especialidade": "Clínica Geral",
        "experiencia_anos": 8,
        "turno": "Tarde",
        "disponivel": true,
        "consultas_totais": 840,
        "tempo_medio": 20.2,
        "avaliacao": 4.5,
        "pacientes_hoje": 8,
        "faturacao": 43439,
        "consultas_ano": 571,
        "rating": 4.7,
        "assiduidade": 98,
        "status_pagamento": "Pago"
    },
    {
        "id": "med_003",
        "nome": "Dr. João Ferreira",
        "especialidade": "Clínica Geral",
        "experiencia_anos": 3,
        "turno": "Noite",
        "disponivel": true,
        "consultas_totais": 210,
        "tempo_medio": 25.1,
        "avaliacao": 4.1,
        "pacientes_hoje": 5,
        "faturacao": 30208,
        "consultas_ano": 431,
        "rating": 4.3,
        "assiduidade": 100,
        "status_pagamento": "Pago"
    },
    {
        "id": "med_004",
        "nome": "Dra. Sofia Alves",
        "especialidade": "Clínica Geral",
        "experiencia_anos": 7,
        "turno": "Manhã",
        "disponivel": true,
        "consultas_totais": 365,
        "tempo_medio": 22.6,
        "avaliacao": 4.4,
        "pacientes_hoje": 7,
        "faturacao": 45997,
        "consultas_ano": 574,
        "rating": 5.0,
        "assiduidade": 95,
        "status_pagamento": "Pago"
    },
    {
        "id": "med_005",
        "nome": "Dra. Sofia Martins",
        "especialidade": "Pediatria",
        "experiencia_anos": 12,
        "turno": "Manhã",
        "disponivel": true,
        "consultas_totais": 1500,
        "tempo_medio": 28.5,
        "avaliacao": 4.9,
        "pacientes_hoje": 10,
        "faturacao": 43522,
        "consultas_ano": 649,
        "rating": 4.2,
        "assiduidade": 94,
        "status_pagamento": "Pago"
    },
    {
        "id": "med_006",
        "nome": "Dr. Tiago Rodrigues",
        "especialidade": "Pediatria",
        "experiencia_anos": 5,
        "turno": "Tarde",
        "disponivel": true,
        "consultas_totais": 450,
        "tempo_medio": 30.0,
        "avaliacao": 4.6,
        "pacientes_hoje": 6,
        "faturacao": 47753,
        "consultas_ano": 672,
        "rating": 4.5,
        "assiduidade": 99,
        "status_pagamento": "Pago"
    },
    {
        "id": "med_007",
        "nome": "Dr. Ricardo Mendes",
        "especialidade": "Cardiologia",
        "experiencia_anos": 20,
        "turno": "Manhã",
        "disponivel": true,
        "consultas_totais": 2100,
        "tempo_medio": 35.4,
        "avaliacao": 5.0,
        "pacientes_hoje": 4,
        "faturacao": 32479,
        "consultas_ano": 360,
        "rating": 4.9,
        "assiduidade": 91,
        "status_pagamento": "Pago"
    },
    {
        "id": "med_008",
        "nome": "Dra. Ana Oliveira",
        "especialidade": "Cardiologia",
        "experiencia_anos": 9,
        "turno": "Tarde",
        "disponivel": true,
        "consultas_totais": 890,
        "tempo_medio": 32.1,
        "avaliacao": 4.7,
        "pacientes_hoje": 5,
        "faturacao": 46619,
        "consultas_ano": 638,
        "rating": 4.7,
        "assiduidade": 91,
        "status_pagamento": "Pago"
    },
    {
        "id": "med_009",
        "nome": "Dr. Carlos Bento",
        "especialidade": "Geriatria",
        "experiencia_anos": 25,
        "turno": "Manhã",
        "disponivel": true,
        "consultas_totais": 3000,
        "tempo_medio": 40.0,
        "avaliacao": 4.8,
        "pacientes_hoje": 6,
        "faturacao": 46129,
        "consultas_ano": 631,
        "rating": 4.7,
        "assiduidade": 94,
        "status_pagamento": "Pago"
    },
    {
        "id": "med_010",
        "nome": "Dra. Helena Costa",
        "especialidade": "Geriatria",
        "experiencia_anos": 4,
        "turno": "Tarde",
        "disponivel": false,
        "consultas_totais": 320,
        "tempo_medio": 38.5,
        "avaliacao": 4.3,
        "pacientes_hoje": 3,
        "faturacao": 43598,
        "consultas_ano": 681,
        "rating": 4.9,
        "assiduidade": 94,
        "status_pagamento": "Pago"
    },
    {
        "id": "med_011",
        "nome": "Dr. Bruno Alves",
        "especialidade": "Neurologia",
        "experiencia_anos": 11,
        "turno": "Manhã",
        "disponivel": true,
        "consultas_totais": 950,
        "tempo_medio": 45.2,
        "avaliacao": 4.9,
        "pacientes_hoje": 4,
        "faturacao": 48849,
        "consultas_ano": 651,
        "rating": 4.6,
        "assiduidade": 91,
        "status_pagamento": "Pago"
    },
    {
        "id": "med_012",
        "nome": "Dra. Inês Pereira",
        "especialidade": "Ginecologia",
        "experiencia_anos": 14,
        "turno": "Manhã",
        "disponivel": true,
        "consultas_totais": 1340,
        "tempo_medio": 25.0,
        "avaliacao": 4.8,
        "pacientes_hoje": 9,
        "faturacao": 39760,
        "consultas_ano": 641,
        "rating": 3.9,
        "assiduidade": 91,
        "status_pagamento": "Pago"
    },
    {
        "id": "med_013",
        "nome": "Dr. Miguel Sousa",
        "especialidade": "Ginecologia",
        "experiencia_anos": 6,
        "turno": "Tarde",
        "disponivel": true,
        "consultas_totais": 560,
        "tempo_medio": 26.5,
        "avaliacao": 4.5,
        "pacientes_hoje": 5,
        "faturacao": 46822,
        "consultas_ano": 743,
        "rating": 3.6,
        "assiduidade": 95,
        "status_pagamento": "Pago"
    },
    {
        "id": "med_014",
        "nome": "Dra. Rita Lopes",
        "especialidade": "Oftalmologia",
        "experiencia_anos": 8,
        "turno": "Manhã",
        "disponivel": true,
        "consultas_totais": 1100,
        "tempo_medio": 15.0,
        "avaliacao": 4.6,
        "pacientes_hoje": 15,
        "faturacao": 42614,
        "consultas_ano": 698,
        "rating": 4.4,
        "assiduidade": 98,
        "status_pagamento": "Pago"
    },
    {
        "id": "med_015",
        "nome": "Dr. Vasco Ribeiro",
        "especialidade": "Ortopedia",
        "experiencia_anos": 18,
        "turno": "Tarde",
        "disponivel": true,
        "consultas_totais": 1800,
        "tempo_medio": 30.5,
        "avaliacao": 4.7,
        "pacientes_hoje": 8,
        "faturacao": 33283,
        "consultas_ano": 554,
        "rating": 4.2,
        "assiduidade": 96,
        "status_pagamento": "Pago"
    },
    {
        "id": "med_016",
        "nome": "Dr. André Pires",
        "especialidade": "Clínica Geral",
        "experiencia_anos": 2,
        "turno": "Tarde",
        "disponivel": true,
        "consultas_totais": 150,
        "tempo_medio": 14.5,
        "avaliacao": 4.0,
        "pacientes_hoje": 0,
        "faturacao": 48873,
        "consultas_ano": 574,
        "rating": 4.7,
        "assiduidade": 99,
        "status_pagamento": "Pago"
    },
    {
        "id": "med_017",
        "nome": "Dra. Beatriz Lima",
        "especialidade": "Clínica Geral",
        "experiencia_anos": 4,
        "turno": "Noite",
        "disponivel": true,
        "consultas_totais": 400,
        "tempo_medio": 16.0,
        "avaliacao": 4.3,
        "pacientes_hoje": 0,
        "faturacao": 43474,
        "consultas_ano": 483,
        "rating": 4.0,
        "assiduidade": 96,
        "status_pagamento": "Pago"
    },
    {
        "id": "med_018",
        "nome": "Dr. Carlos Eduardo",
        "especialidade": "Clínica Geral",
        "experiencia_anos": 10,
        "turno": "Manhã",
        "disponivel": true,
        "consultas_totais": 2100,
        "tempo_medio": 15.5,
        "avaliacao": 4.7,
        "pacientes_hoje": 0,
        "faturacao": 49891,
        "consultas_ano": 560,
        "rating": 4.4,
        "assiduidade": 99,
        "status_pagamento": "Pago"
    },
    {
        "id": "med_019",
        "nome": "Dra. Diana Chaves",
        "especialidade": "Pediatria",
        "experiencia_anos": 3,
        "turno": "Tarde",
        "disponivel": true,
        "consultas_totais": 300,
        "tempo_medio": 22.0,
        "avaliacao": 4.8,
        "pacientes_hoje": 0,
        "faturacao": 39883,
        "consultas_ano": 633,
        "rating": 4.2,
        "assiduidade": 92,
        "status_pagamento": "Pago"
    },
    {
        "id": "med_020",
        "nome": "Dr. Fernando Pessoa",
        "especialidade": "Geriatria",
        "experiencia_anos": 30,
        "turno": "Tarde",
        "disponivel": true,
        "consultas_totais": 5000,
        "tempo_medio": 45.0,
        "avaliacao": 4.9,
        "pacientes_hoje": 0,
        "faturacao": 39277,
        "consultas_ano": 654,
        "rating": 4.6,
        "assiduidade": 93,
        "status_pagamento": "Pago"
    },
    {
        "id": "med_021",
        "nome": "Dra. Gabriela Sol",
        "especialidade": "Clínica Geral",
        "experiencia_anos": 1,
        "turno": "Manhã",
        "disponivel": true,
        "consultas_totais": 50,
        "tempo_medio": 12.0,
        "avaliacao": 3.9,
        "pacientes_hoje": 0,
        "faturacao": 40799,
        "consultas_ano": 637,
        "rating": 4.9,
        "assiduidade": 98,
        "status_pagamento": "Pago"
    },
    {
        "id": "med_022",
        "nome": "Dr. Hugo Viana",
        "especialidade": "Ortopedia",
        "experiencia_anos": 15,
        "turno": "Manhã",
        "disponivel": true,
        "consultas_totais": 1200,
        "tempo_medio": 28.0,
        "avaliacao": 4.6,
        "pacientes_hoje": 0,
        "faturacao": 41492,
        "consultas_ano": 476,
        "rating": 4.5,
        "assiduidade": 99,
        "status_pagamento": "Pago"
    },
    {
        "id": "med_023",
        "nome": "Dra. Iris Matos",
        "especialidade": "Neurologia",
        "experiencia_anos": 8,
        "turno": "Tarde",
        "disponivel": false,
        "consultas_totais": 700,
        "tempo_medio": 40.0,
        "avaliacao": 4.7,
        "pacientes_hoje": 0,
        "faturacao": 52919,
        "consultas_ano": 594,
        "rating": 3.6,
        "assiduidade": 90,
        "status_pagamento": "Pago"
    },
    {
        "id": "med_024",
        "nome": "Dr. Jorge Amado",
        "especialidade": "Clínica Geral",
        "experiencia_anos": 22,
        "turno": "Noite",
        "disponivel": true,
        "consultas_totais": 3500,
        "tempo_medio": 19.0,
        "avaliacao": 4.5,
        "pacientes_hoje": 0,
        "faturacao": 35205,
        "consultas_ano": 457,
        "rating": 4.2,
        "assiduidade": 94,
        "status_pagamento": "Pago"
    },
    {
        "id": "med_025",
        "nome": "Dra. Kelly Silva",
        "especialidade": "Cardiologia",
        "experiencia_anos": 5,
        "turno": "Noite",
        "disponivel": true,
        "consultas_totais": 400,
        "tempo_medio": 30.0,
        "avaliacao": 4.4,
        "pacientes_hoje": 0,
        "faturacao": 40980,
        "consultas_ano": 539,
        "rating": 3.7,
        "assiduidade": 98,
        "status_pagamento": "Pago"
    },
    {
        "id": "med_026",
        "nome": "Dr. Luis Figo",
        "especialidade": "Clínica Geral",
        "experiencia_anos": 6,
        "turno": "Tarde",
        "disponivel": true,
        "consultas_totais": 900,
        "tempo_medio": 17.5,
        "avaliacao": 4.6,
        "pacientes_hoje": 0,
        "faturacao": 51719,
        "consultas_ano": 671,
        "rating": 3.7,
        "assiduidade": 94,
        "status_pagamento": "Pago"
    },
    {
        "id": "med_027",
        "nome": "Dra. Marta Cruz",
        "especialidade": "Pediatria",
        "experiencia_anos": 2,
        "turno": "Noite",
        "disponivel": true,
        "consultas_totais": 100,
        "tempo_medio": 25.0,
        "avaliacao": 4.2,
        "pacientes_hoje": 0,
        "faturacao": 39814,
        "consultas_ano": 577,
        "rating": 3.7,
        "assiduidade": 98,
        "status_pagamento": "Pago"
    },
    {
        "id": "med_028",
        "nome": "Dr. Nuno Gomes",
        "especialidade": "Clínica Geral",
        "experiencia_anos": 9,
        "turno": "Manhã",
        "disponivel": true,
        "consultas_totais": 1300,
        "tempo_medio": 16.5,
        "avaliacao": 4.7,
        "pacientes_hoje": 0,
        "faturacao": 34048,
        "consultas_ano": 466,
        "rating": 4.0,
        "assiduidade": 92,
        "status_pagamento": "Pago"
    },
    {
        "id": "med_029",
        "nome": "Dra. Olga Costa",
        "especialidade": "Ginecologia",
        "experiencia_anos": 12,
        "turno": "Tarde",
        "disponivel": true,
        "consultas_totais": 1500,
        "tempo_medio": 24.0,
        "avaliacao": 4.8,
        "pacientes_hoje": 0,
        "faturacao": 43036,
        "consultas_ano": 717,
        "rating": 4.8,
        "assiduidade": 95,
        "status_pagamento": "Pago"
    },
    {
        "id": "med_030",
        "nome": "Dr. Paulo Bento",
        "especialidade": "Clínica Geral",
        "experiencia_anos": 4,
        "turno": "Tarde",
        "disponivel": true,
        "consultas_totais": 450,
        "tempo_medio": 15.0,
        "avaliacao": 4.3,
        "pacientes_hoje": 0,
        "faturacao": 40661,
        "consultas_ano": 589,
        "rating": 4.6,
        "assiduidade": 94,
        "status_pagamento": "Pago"
    },
    {
        "nome": "Dra. Beatriz Sousa",
        "especialidade": "Pediatria",
        "experiencia_anos": 23,
        "disponivel": true,
        "id": "m_auto_80080",
        "faturacao": 51812,
        "consultas_ano": 639,
        "rating": 4.7,
        "assiduidade": 93,
        "status_pagamento": "Pago"
    }
]